month,all_core,excl_payload,dedicated,dedicated_excl_payload,created_in_window,pkgs_with_downloads
2024-10,557937,557937,16671,16671,0,200
2024-11,560114,560114,17349,17349,0,200
2024-12,520432,520432,16986,16986,0,198
2025-01,594326,592931,22626,21231,0,207
2025-02,623251,616316,22270,15335,0,209
2025-03,679775,666773,28189,15187,0,213
2025-04,714182,689355,40427,15600,0,216
2025-05,733892,701420,47157,14685,0,240
2025-06,752846,730948,34253,12355,0,252
2025-07,852683,822347,46095,15759,0,268
2025-08,748927,712070,56003,19146,0,251
2025-09,872082,826654,68409,22981,0,269
2025-10,920627,844307,106996,30676,17538,302
2025-11,801393,738517,83813,20937,20428,324
2025-12,840400,777015,99373,35988,64998,347
2026-01,897974,820609,117831,40466,42909,372
2026-02,1020824,941197,122309,42682,101999,409
2026-03,1287953,1178962,169249,60258,154567,451
2026-04,1225646,1096435,190654,61443,147634,502
2026-05,1365501,1225009,228769,88277,233715,561
2026-06,1864345,1670761,322609,129025,583295,624
2026-07,2253901,2029145,398129,173373,928683,719
2026-08,2289320,2036234,393354,140268,1085884,813
2026-09,1989243,1649860,479420,140037,897066,888
