month_idx,prev_month,prev_core_pkgs,prev_core_projects,prev_core_publishers,prev_broad_pkgs,prev_broad_projects,prev_broad_publishers,prev_name_tenant_pkgs,prev_name_tenant_projects,prev_name_tenant_publishers,cur_month,cur_core_pkgs,cur_core_projects,cur_core_publishers,cur_broad_pkgs,cur_broad_projects,cur_broad_publishers,cur_name_tenant_pkgs,cur_name_tenant_projects,cur_name_tenant_publishers
1,2024-10,4,4,4,5,5,5,1,1,1,2025-10,42,34,33,51,42,39,5,4,4
2,2024-11,0,0,0,1,1,1,0,0,0,2025-11,57,40,38,66,48,46,18,6,6
3,2024-12,6,6,6,8,8,8,2,2,2,2025-12,60,51,47,73,60,54,10,7,7
4,2025-01,6,6,6,11,11,11,2,2,2,2026-01,47,43,37,59,53,47,9,8,6
5,2025-02,3,3,3,7,7,7,1,1,1,2026-02,90,71,61,125,91,81,15,11,9
6,2025-03,4,4,4,21,11,9,3,3,3,2026-03,131,87,72,170,123,104,27,12,12
7,2025-04,8,8,8,11,11,11,4,4,4,2026-04,123,102,93,181,146,130,10,9,8
8,2025-05,32,28,18,36,32,22,11,11,5,2026-05,127,97,86,232,164,140,19,10,10
9,2025-06,26,20,19,28,22,21,9,5,5,2026-06,122,94,85,238,176,140,20,17,16
10,2025-07,20,18,15,30,27,24,4,4,3,2026-07,189,111,89,346,231,183,37,15,14
11,2025-08,21,18,17,34,26,23,4,4,3,2026-08,137,119,96,296,215,171,22,19,13
12,2025-09,24,23,23,33,30,28,5,5,5,2026-09,156,99,86,276,173,136,15,14,14
